"key","type","summary","epic"
"TLY-225","Epic","Phase 1: The pack gate must actually hold","pack-gate"
"TLY-226","Epic","Phase 1: Data the product must not lose","data-loss"
"TLY-227","Epic","Phase 1: The board tells the truth","board-truth"
"TLY-228","Epic","Phase 1: Deadlines and dates done properly","dates"
"TLY-229","Epic","Phase 1: What an Irish tender actually demands","etenders-model"
"TLY-230","Epic","Phase 1: Proof it works — CI, deploy and smoke","proof"
"TLY-231","Epic","Phase 1: The interface cannot white-screen","resilience"
"TLY-232","Epic","Phase 2: Knowing and capping what it costs to run","cost"
"TLY-233","Epic","Phase 2: The library that compounds","reuse"
"TLY-234","Epic","Phase 3: Sellable — trust, auth and the public surface","sellable"
"TLY-235","Epic","Phase 3: Beyond one company and one country","beyond-one"
"TLY-236","Story","Block the final pack on unresolved [INPUT NEEDED] markers and over-limit answers","pack-gate"
"TLY-237","Story","Refuse to mark a checklist item ready when it requires a file and no file is attached","pack-gate"
"TLY-238","Story","Treat an expired certificate as unsatisfied in gates, certificate status and blockers","pack-gate"
"TLY-239","Story","Include only the selected lots' questions and only cited people in the final pack","pack-gate"
"TLY-240","Story","Revalidate the lot selection after every re-analysis","pack-gate"
"TLY-241","Story","Block the final pack on answers flagged by a buyer amendment","pack-gate"
"TLY-242","Story","Invalidate the attestation when anything in the submission changes, not just answer text","pack-gate"
"TLY-243","Story","Give a bid an explicit state machine with legal transitions enforced server-side","pack-gate"
"TLY-244","Story","Resolve the recommendation to one source of truth across screen, deck and decision record","pack-gate"
"TLY-245","Story","Stop the retention job deleting submitted bids and their append-only ledgers","data-loss"
"TLY-246","Story","Seed the system organisation so job audit entries cannot silently fail","data-loss"
"TLY-247","Story","Merge tender metadata on re-import instead of replacing it","data-loss"
"TLY-248","Story","Deduplicate source documents on re-import","data-loss"
"TLY-249","Story","Preserve evidence citations when a human edits an answer","data-loss"
"TLY-250","Story","Reject a concurrent answer save instead of overwriting the other editor's work","data-loss"
"TLY-251","Story","Snapshot the evidence, declarations and people a bid cited at the moment of submission","data-loss"
"TLY-252","Story","Stop showing a fit score and fit bars for a tender that has not been analysed","board-truth"
"TLY-253","Story","Tell the user when tender documents were login-gated instead of reporting success","board-truth"
"TLY-254","Story","Make importing a notice a background job with visible progress","board-truth"
"TLY-255","Story","Let the user dismiss a tender with a reason so the board stays the size of the work","board-truth"
"TLY-256","Story","Surface the cross-bid task and next-action feed so work resumes in minutes","board-truth"
"TLY-257","Story","Paginate the board and stop refetching account-wide data per tender","board-truth"
"TLY-258","Story","Make tender analysis wait for the tender pack instead of running on the notice","board-truth"
"TLY-259","Story","Make the Tender Readiness Score the first screen after signup","board-truth"
"TLY-260","Story","Publish read-only shareable links for a qualification report","board-truth"
"TLY-261","Story","Parse submission deadlines as a date and time in Irish local time","dates"
"TLY-262","Story","Build a deadline register covering every date the notice and pack impose","dates"
"TLY-263","Story","Record insurance as named covers with separate limits, and gate each cover on its own","etenders-model"
"TLY-264","Story","Record turnover per financial year and separately for the contract's domain","etenders-model"
"TLY-265","Story","Separate exclusion grounds, selection criteria and award criteria in the analysis","etenders-model"
"TLY-266","Story","Distinguish proof required at tender stage from proof required only at award","etenders-model"
"TLY-267","Story","Enforce the tender's AI-use policy instead of only reporting it","etenders-model"
"TLY-268","Story","Model the pricing schedule, the price formula and the price criterion's marks","etenders-model"
"TLY-269","Story","Complete the ESPD to Parts II–VI and export an ESPD response file","etenders-model"
"TLY-270","Story","Model subcontractors and reliance on third-party capacity as declarable entities","etenders-model"
"TLY-271","Story","Model consortium and joint bids as one bid by several economic operators","etenders-model"
"TLY-272","Story","Surface the eTenders notice fields already harvested but never modelled","etenders-model"
"TLY-273","Story","Add a post-submission stage covering receipt, standstill, debrief and challenge","etenders-model"
"TLY-274","Story","Capture each bid's outcome, the buyer's marks and the winner, and feed them back","etenders-model"
"TLY-275","Story","Model signature, signing authority and e-signature requirements per document","etenders-model"
"TLY-276","Story","Boot the built server artifact in CI and fail if it does not answer /health","proof"
"TLY-277","Story","Publish the deployed commit SHA on /health and assert it after every deploy","proof"
"TLY-278","Story","Fail the web build when VITE_API_URL is absent instead of serving demo data","proof"
"TLY-279","Story","Assert every eTenders discovery env var matches between the API and the cron service","proof"
"TLY-280","Story","Assert eTenders paging from the recorded fixture, including the Next button href","proof"
"TLY-281","Story","Fail the nightly discovery run when it stores notifications but ingests no tender","proof"
"TLY-282","Story","Test CPV family matching end to end against the deployed threshold value","proof"
"TLY-283","Story","Smoke the deployed API for database, CPV and ingestion freshness, not just a 200","proof"
"TLY-284","Story","Verify a browser preflight from the real web origin against the deployed API","proof"
"TLY-285","Story","Point the production smoke suite at the production web app instead of localhost","proof"
"TLY-286","Story","Make every CI step that guards a deploy fail loudly when its secret is missing","proof"
"TLY-287","Story","Add the missing test:web and test:integration scripts so CI stops skipping them silently","proof"
"TLY-288","Story","Wrap the app shell in the error boundary so no screen can white-page the product","resilience"
"TLY-289","Story","Render every screen against a minimal-shape payload with all optional fields absent","resilience"
"TLY-290","Story","Assert the workspace renders when one endpoint fails and when one hangs","resilience"
"TLY-291","Story","Replace the demo workspace with synthetic data that names no real buyer","resilience"
"TLY-292","Story","Record the euro cost of every model call in usage_events","cost"
"TLY-293","Story","Stop a runaway AI bill with a per-account monthly spend ceiling","cost"
"TLY-294","Story","Cache the stable prefix of every drafting call","cost"
"TLY-295","Story","Meter drafting as bid credits and check the balance before a batch run","cost"
"TLY-296","Story","Right-size model and effort for every AI call site","cost"
"TLY-297","Story","Offer approved answers from previous bids when drafting a similar question","reuse"
"TLY-298","Story","Pool extracted tender requirement structures across tenants keyed on canonical notice","reuse"
"TLY-299","Story","Ship a real sample tender pack every new account can analyse in one click","reuse"
"TLY-300","Story","Show the answer-reuse rate on every bid so the library's compounding value is visible","reuse"
"TLY-301","Story","Add mandatory MFA and SAML single sign-on for larger buyers","sellable"
"TLY-302","Story","Split index.ts and db.ts into feature modules and retire the in-memory mirror","sellable"
"TLY-303","Story","Rewrite ARCHITECTURE.md and GAPS.md against the code and gate them in CI","sellable"
"TLY-304","Story","Add password reset and session revocation","sellable"
"TLY-305","Story","Build a crawlable marketing and docs surface outside the single-page app","sellable"
"TLY-306","Story","Publish security, privacy, DPA and sub-processor pages as real URLs","sellable"
"TLY-307","Story","Reconcile the AI sub-processor disclosure across README, ARCHITECTURE and DATA_PROCESSING","sellable"
"TLY-308","Story","Settle on one domain, own it, and align CORS with the links the product sends","sellable"
"TLY-309","Story","Publish the prompt versions and the tests that pin the evidence rules","sellable"
"TLY-310","Story","Retrieve login-gated tender packs through the customer's own eTenders session","beyond-one"
"TLY-311","Story","Add UK Find a Tender and Contracts Finder as ingestion sources","beyond-one"
"TLY-312","Story","Match bidders into consortia using the gate each partner would close","beyond-one"
"TLY-313","Story","Emit a signed AI-use declaration into the submission pack","beyond-one"
"TLY-314","Story","Publish price-to-win and incumbent intelligence from award history","beyond-one"
"TLY-315","Story","Support framework and DPS lifecycles including mini-competitions","beyond-one"
"TLY-316","Story","Launch a buyer-side bid assurance portal for contracting authorities","beyond-one"
"TLY-317","Story","Publish award-history pages for every buyer and CPV code","beyond-one"
"TLY-318","Story","Publish an Irish Public Procurement SME Index from award_history","beyond-one"
"TLY-319","Story","Introduce a tender-source adapter so a second portal is configuration, not a rewrite","beyond-one"
"TLY-320","Story","Carry contract value as amount plus currency code instead of a euro-formatted string","beyond-one"
"TLY-321","Story","Add a UK Standard Selection Questionnaire set alongside the ESPD declarations","beyond-one"
"TLY-322","Story","Wire TED into discovery, handling language-keyed fields and CPV arrays","beyond-one"
